Top pages,Clicks,Impressions,CTR,Position
https://www.elevatewellnesschiro.com/,442,15993,2.76%,6.71
https://www.elevatewellnesschiro.com/signs-of-hip-misalignment/,406,80766,0.5%,8.09
https://www.elevatewellnesschiro.com/clinton/,202,9325,2.17%,5.43
https://www.elevatewellnesschiro.com/bad-posture-shoulder-pain/,140,19929,0.7%,6.08
https://www.elevatewellnesschiro.com/chiropractors-call-themselves-doctors/,45,20397,0.22%,9.37
https://www.elevatewellnesschiro.com/leg-pain/,42,5185,0.81%,7.44
https://www.elevatewellnesschiro.com/the-parenting-back-pain-trap-how-lifting-kids-car-seats-strollers-is-damaging-your-spine/,40,5041,0.79%,7.53
https://www.elevatewellnesschiro.com/dr-casey-simmonds/,34,2978,1.14%,6.18
https://www.elevatewellnesschiro.com/the-hidden-damage-your-backpack-or-purse-may-be-doing-to-your-spine/,33,7213,0.46%,8.6
https://www.elevatewellnesschiro.com/osteopath-vs-chiropractor-which-right/,25,13101,0.19%,16.04
https://www.elevatewellnesschiro.com/effects-off-untreated-back-pain/,24,9674,0.25%,6.95
https://www.elevatewellnesschiro.com/chiropractic-care-for-hypermobility/,23,2434,0.94%,7.77
https://www.elevatewellnesschiro.com/avoid-back-pain-during-long-flights/,22,4438,0.5%,8.72
https://www.elevatewellnesschiro.com/torticollis-role-of-chiropractic-care/,19,4375,0.43%,9.48
https://www.elevatewellnesschiro.com/when-work-injuries-dont-show-up-right-away-the-hidden-symptoms-you-should-never-ignore/,18,2128,0.85%,7.81
https://www.elevatewellnesschiro.com/treating-broken-bones/,16,3294,0.49%,7.62
https://www.elevatewellnesschiro.com/the-truth-about-whiplash-why-its-more-than-just-a-stiff-neck/,14,1779,0.79%,8.82
https://www.elevatewellnesschiro.com/chiropractic-make-you-taller/,12,13658,0.09%,7.3
https://www.elevatewellnesschiro.com/kaden-simmonds-dc/,12,503,2.39%,9.83
https://www.elevatewellnesschiro.com/dancers-benefit-chiropractic-care/,10,950,1.05%,6.2
https://www.elevatewellnesschiro.com/mikayla-twarog-dc/,10,176,5.68%,5.11
https://www.elevatewellnesschiro.com/functional-medicine-chiropractic-care/,9,2336,0.39%,9.54
https://www.elevatewellnesschiro.com/the-real-reason-your-knees-ankles-feet-hurt-how-chiropractic-alignment-in-bountiful-ut-fixes-the-kinetic-chain-from-the-ground-up/,9,2181,0.41%,5.04
https://www.elevatewellnesschiro.com/treat-injury-ice-pack-warm-compress/,8,2554,0.31%,8.69
https://www.elevatewellnesschiro.com/benefits-of-chirpractic-for-gymnasts/,8,732,1.09%,5.1
https://www.elevatewellnesschiro.com/insurances-covered/,8,431,1.86%,17.29
https://www.elevatewellnesschiro.com/nutrition-and-the-spine/,7,5734,0.12%,9.02
https://www.elevatewellnesschiro.com/becoming-a-chiropractor/,7,3655,0.19%,23.26
https://www.elevatewellnesschiro.com/elevate-wellness-chiropractic-in-bountiful-ut/,7,1178,0.59%,9.04
https://www.elevatewellnesschiro.com/chiropractor-in-roy-ut/,7,1073,0.65%,9.15
https://www.elevatewellnesschiro.com/reviews/,7,1006,0.7%,8.27
https://www.elevatewellnesschiro.com/spinal-decompression-in-farmington-ut/,7,621,1.13%,34.49
https://www.elevatewellnesschiro.com/chiropractic-help-with-weight-loss/,6,3564,0.17%,14.77
https://www.elevatewellnesschiro.com/the-importance-of-hydration-for-your-spinal-health/,6,3473,0.17%,8.31
https://www.elevatewellnesschiro.com/spinal-decompression/,6,1612,0.37%,13.82
https://www.elevatewellnesschiro.com/the-gut-spine-connection-how-chiropractic-care-helps-digestion-and-restores-balance/,6,1027,0.58%,23.07
https://www.elevatewellnesschiro.com/sciatica/,5,1738,0.29%,23.43
https://www.elevatewellnesschiro.com/whiplash-in-low-speed-collisions-why-minor-crashes-can-cause-major-pain/,5,1427,0.35%,16.46
https://www.elevatewellnesschiro.com/chiropractor-in-farmington-ut/,5,1203,0.42%,29.7
https://www.elevatewellnesschiro.com/massage-therapy/,5,934,0.54%,19
https://www.elevatewellnesschiro.com/wp-content/uploads/2020/10/SPINAL-DECOMPRESSION-REPORT-DR.SIMMONDS.pdf,5,734,0.68%,24.4
https://www.elevatewellnesschiro.com/chiropractic-and-digestion/,4,4051,0.1%,21.26
https://www.elevatewellnesschiro.com/repetitive-motion-injuries/,4,2469,0.16%,19.08
https://www.elevatewellnesschiro.com/7-reasons-for-chiropractor-visit/,4,2100,0.19%,26.74
https://www.elevatewellnesschiro.com/elevate-wellness-chiropractic-in-clinton-ut/,4,2020,0.2%,7.83
https://www.elevatewellnesschiro.com/pregnancy-chiropractor/,4,908,0.44%,28.06
https://www.elevatewellnesschiro.com/history-of-chiropractic-treatment/,4,634,0.63%,13.97
https://www.elevatewellnesschiro.com/warming-up-before-physical-activity/,3,5752,0.05%,9.45
https://www.elevatewellnesschiro.com/treating-muscle-knots-chiropractic-care/,3,2974,0.1%,7.52
https://www.elevatewellnesschiro.com/how-chiropractic-affect-mental-health/,3,2507,0.12%,25.24
https://www.elevatewellnesschiro.com/chiropractor-in-west-bountiful-ut/,3,2307,0.13%,8.03
https://www.elevatewellnesschiro.com/back-pain-relief-following-a-car-crash/,3,1467,0.2%,15.04
https://www.elevatewellnesschiro.com/joint-and-muscle-health/,3,1013,0.3%,10.93
https://www.elevatewellnesschiro.com/how-to-avoid-back-pain-on-road-trips/,3,962,0.31%,8.97
https://www.elevatewellnesschiro.com/chiropractor-in-salt-lake-city-ut/,2,6236,0.03%,45.61
https://www.elevatewellnesschiro.com/questions-to-ask-your-chiropractor/,2,2688,0.07%,13.1
https://www.elevatewellnesschiro.com/chiropractor-in-north-salt-lake-ut/,2,2665,0.08%,30.73
https://www.elevatewellnesschiro.com/spinal-decompression-in-north-salt-lake-ut/,2,2565,0.08%,30
https://www.elevatewellnesschiro.com/tmj-disorder-role-chiropractic-care/,2,1870,0.11%,33.61
https://www.elevatewellnesschiro.com/chiropractic-care/,2,1035,0.19%,16.45
https://www.elevatewellnesschiro.com/pediatric-chiropractor/,2,1033,0.19%,13.1
https://www.elevatewellnesschiro.com/elevate-wellness-chiropractic/,2,894,0.22%,10.14
https://www.elevatewellnesschiro.com/new-location-in-clinton/,2,595,0.34%,8.39
https://www.elevatewellnesschiro.com/spine-misalignment-muscle-tightness/,2,555,0.36%,8
https://www.elevatewellnesschiro.com/when-your-headaches-actually-start-in-your-neck-the-hidden-link-between-neck-tension-and-head-pain/,2,545,0.37%,11.81
https://www.elevatewellnesschiro.com/sciatica-after-car-accident/,2,520,0.38%,17.69
https://www.elevatewellnesschiro.com/stretches-to-start-the-day/,2,428,0.47%,22.26
https://www.elevatewellnesschiro.com/why-desk-jobs-are-quietly-destroying-your-neck-back-and-shoulders/,2,421,0.48%,9.98
https://www.elevatewellnesschiro.com/chiropractic-services-in-centerville-ut/,2,275,0.73%,31.48
https://www.elevatewellnesschiro.com/prevent-back-pain-choosing-backpack/,1,3506,0.03%,39.99
https://www.elevatewellnesschiro.com/chiropractor-for-muscle-knots-help-tension-headaches/,1,994,0.1%,11.48
https://www.elevatewellnesschiro.com/auto-accidents/,1,501,0.2%,15.33
https://www.elevatewellnesschiro.com/headaches/,1,500,0.2%,21.93
https://www.elevatewellnesschiro.com/signs-of-a-soft-tissue-injury/,1,485,0.21%,8.5
https://www.elevatewellnesschiro.com/the-link-between-stress-and-the-spine/,1,410,0.24%,11.21
https://www.elevatewellnesschiro.com/chiropractor-in-syracuse-ut/,1,313,0.32%,12.6
https://www.elevatewellnesschiro.com/chiropractic-in-west-point-ut/,1,191,0.52%,28.94
https://www.elevatewellnesschiro.com/neuropathy-2/,1,137,0.73%,12.37
https://www.elevatewellnesschiro.com/right-mattress-for-spinal-health/,1,118,0.85%,17.58
https://www.elevatewellnesschiro.com/muscle-tension-relief/,1,115,0.87%,9.4
https://www.elevatewellnesschiro.com/auto-accidents-in-farmington-ut/,1,70,1.43%,48.29
https://www.elevatewellnesschiro.com/heat-hydration-and-muscle-health/,1,64,1.56%,9.55
https://www.elevatewellnesschiro.com/spinal-decompression-bountiful-ut/,1,47,2.13%,12.32
https://www.elevatewellnesschiro.com/neck-pain/,1,44,2.27%,4.86
https://www.elevatewellnesschiro.com/weekend-warriors-chiropractors-for-back-pain/,1,33,3.03%,8.7
https://www.elevatewellnesschiro.com/chiropractor-in-clearfield-ut/,1,29,3.45%,6.69
https://www.elevatewellnesschiro.com/spinal-decompression-in-woods-cross-ut/,1,6,16.67%,10.17
https://www.elevatewellnesschiro.com/chiropractor-in-north-salt-lake-ut-2/,0,2002,0%,50.64
https://www.elevatewellnesschiro.com/spinal-disc-injuries/,0,1260,0%,7.92
https://www.elevatewellnesschiro.com/can-you-see-a-chiropractor-while-pregnant/,0,809,0%,10.57
https://www.elevatewellnesschiro.com/wrist-pain/,0,645,0%,16.89
https://www.elevatewellnesschiro.com/auto-accident-services-in-north-salt-lake-ut/,0,489,0%,14.12
https://www.elevatewellnesschiro.com/auto-accidents-in-centerville-ut/,0,470,0%,57.75
https://www.elevatewellnesschiro.com/migraines/,0,427,0%,39.99
https://www.elevatewellnesschiro.com/back-specialist/,0,327,0%,9.24
https://www.elevatewellnesschiro.com/ergonomics-preventing-work-injuries/,0,323,0%,13.29
https://www.elevatewellnesschiro.com/whiplash/,0,315,0%,7.72
https://www.elevatewellnesschiro.com/auto-accidents-in-west-bountiful-ut/,0,281,0%,8.94
https://www.elevatewellnesschiro.com/chiropractor-bountiful-ut/,0,277,0%,23.66
https://www.elevatewellnesschiro.com/tension-headache/,0,277,0%,41.61
https://www.elevatewellnesschiro.com/bountiful-location/,0,234,0%,28.89
https://www.elevatewellnesschiro.com/sitemap/,0,208,0%,28.06
https://www.elevatewellnesschiro.com/benefit-chiropractic-care-for-infants/,0,207,0%,43.95
https://www.elevatewellnesschiro.com/privacy-policy/,0,175,0%,10.42
https://www.elevatewellnesschiro.com/spinal-decompression-in-centerville-ut/,0,173,0%,58.57
https://www.elevatewellnesschiro.com/prenatal-chiropractic-care/,0,167,0%,49.5
https://www.elevatewellnesschiro.com/children-and-chiropractic-care/,0,167,0%,65.17
https://www.elevatewellnesschiro.com/chiropractors-help-with-headaches/,0,155,0%,71.06
https://www.elevatewellnesschiro.com/7-helpful-winter-chiropractic-tips/,0,150,0%,17.2
https://www.elevatewellnesschiro.com/new-document-218whiplash-pain-relief-chiropractor-bountiful-ut-restoring-comfort-mobility-and-peace-of-mind/,0,149,0%,7.87
https://www.elevatewellnesschiro.com/from-sidelines-to-strong-how-a-sports-injury-chiropractor-in-bountiful-ut-gets-athletes-back-in-action/,0,121,0%,8.64
https://www.elevatewellnesschiro.com/auto-accident-injuries/,0,118,0%,12.1
https://www.elevatewellnesschiro.com/reduce-and-relieve-stress/,0,114,0%,34.05
https://www.elevatewellnesschiro.com/fully-recovered/,0,111,0%,10.59
https://www.elevatewellnesschiro.com/sciatica-treatment-natural-neck-pain-relief/,0,109,0%,9.15
https://www.elevatewellnesschiro.com/injuries-we-treat/,0,99,0%,33.93
https://www.elevatewellnesschiro.com/sports-injuries/,0,88,0%,42.23
https://www.elevatewellnesschiro.com/best-sleep-positions/,0,87,0%,22.8
https://www.elevatewellnesschiro.com/notice-of-privacy-practices/,0,82,0%,6.57
https://www.elevatewellnesschiro.com/pregnancy-back-pain-with-local-chiropractor/,0,80,0%,14.26
https://www.elevatewellnesschiro.com/chiropractor-bountiful-ut/page/2/,0,79,0%,14.19
https://www.elevatewellnesschiro.com/sports-therapy/,0,70,0%,46.56
https://www.elevatewellnesschiro.com/muscle-knots-vs-trigger-points/,0,64,0%,10.48
https://www.elevatewellnesschiro.com/when-migraine-medication-becomes-the-problem-how-chiropractic-care-in-bountiful-ut-offers-a-natural-path-to-real-relief/,0,59,0%,15
https://www.elevatewellnesschiro.com/diet-affect-chiropractic-treatment/,0,52,0%,8.92
https://www.elevatewellnesschiro.com/workplace-injury/,0,52,0%,10.29
https://www.elevatewellnesschiro.com/chiropractor-bountiful-ut/page/3/,0,52,0%,23.87
https://www.elevatewellnesschiro.com/chiropractic-care-sedentary-lifestyle/,0,51,0%,7.55
https://www.elevatewellnesschiro.com/sports-therapy-bountiful-ut/,0,47,0%,9.32
https://www.elevatewellnesschiro.com/signs-back-pain-needs-chiropractor/,0,42,0%,10.81
https://www.elevatewellnesschiro.com/author/caseysimmonds/,0,40,0%,15.7
https://www.elevatewellnesschiro.com/why-weather-changes-trigger-your-migraines/,0,39,0%,15.67
https://www.elevatewellnesschiro.com/how-poor-posture-affects-your-spine/,0,38,0%,16.39
https://www.elevatewellnesschiro.com/terms/,0,36,0%,11.97
https://www.elevatewellnesschiro.com/call-emergency-chiropractor-after-fall/,0,30,0%,8.47
https://www.elevatewellnesschiro.com/blog/,0,28,0%,7.89
https://www.elevatewellnesschiro.com/chiropractor-in-west-haven-ut/,0,27,0%,22.07
https://www.elevatewellnesschiro.com/neck-pain-after-a-fender-bender/,0,25,0%,16.68
https://www.elevatewellnesschiro.com/how-to-prevent-muscle-knots/,0,25,0%,26.96
https://www.elevatewellnesschiro.com/habits-that-damage-skeletal-muscle-function/,0,23,0%,7.96
https://www.elevatewellnesschiro.com/preventing-winter-injuries/,0,23,0%,16.43
https://www.elevatewellnesschiro.com/chiropractic-care-heal-old-injuries/,0,21,0%,6.62
https://www.elevatewellnesschiro.com/decoding-skeletal-muscle-function-chiropractor/,0,21,0%,10
https://www.elevatewellnesschiro.com/running-safety-tips/,0,21,0%,16.14
https://www.elevatewellnesschiro.com/anti-discrimination-disclaimer/,0,19,0%,9.37
https://www.elevatewellnesschiro.com/chiropractor-in-sunset-ut/,0,18,0%,14.89
https://www.elevatewellnesschiro.com/benefits-of-ice-baths-wellness/,0,17,0%,8.65
https://www.elevatewellnesschiro.com/spinal-decompression-in-salt-lake-city-ut/,0,14,0%,53.71
https://www.elevatewellnesschiro.com/chiropractor-in-woods-cross-ut/,0,13,0%,5.15
https://www.elevatewellnesschiro.com/avoid-common-spring-injuries/,0,13,0%,14.31
https://www.elevatewellnesschiro.com/spinal-decompression-in-west-bountiful/,0,12,0%,21.67
https://www.elevatewellnesschiro.com/what-you-should-know-about-scoliosis/,0,11,0%,3.64
https://www.elevatewellnesschiro.com/traumatic-brain-injuries/,0,11,0%,9.55
https://www.elevatewellnesschiro.com/maintaining-good-posture/,0,11,0%,22.64
https://www.elevatewellnesschiro.com/preventing-injuries-shoveling-snow/,0,10,0%,20.9
https://www.elevatewellnesschiro.com/summer-yard-work-and-back-safety-tips/,0,9,0%,11.44
https://www.elevatewellnesschiro.com/chiropractic-and-the-immune-system/,0,9,0%,18.33
https://www.elevatewellnesschiro.com/blog/page/2/,0,7,0%,6.86
https://www.elevatewellnesschiro.com/how-gentle-chiropractic-care-can-transform-your-pregnancy-journey/,0,7,0%,9.43
https://www.elevatewellnesschiro.com/auto-accidents-in-salt-lake-city-ut/,0,7,0%,10.29
https://www.elevatewellnesschiro.com/limiting-emotional-stress/,0,7,0%,26.29
https://www.elevatewellnesschiro.com/author/elevatechrio-2/,0,6,0%,9
https://www.elevatewellnesschiro.com/blog/page/3/,0,5,0%,6.8
https://www.elevatewellnesschiro.com/auto-accidents-bountiful-ut/,0,4,0%,3.5
https://www.elevatewellnesschiro.com/chiropractor-bountiful-ut/page/36/,0,4,0%,8.5
https://www.elevatewellnesschiro.com/chiropractic-for-sports-enthusiasts/,0,4,0%,20.5
https://www.elevatewellnesschiro.com/is-your-neck-pain-actually-whiplash-the-answer-may-shock-you/,0,4,0%,21.75
https://www.elevatewellnesschiro.com/choosing-back-pain-chiropractor-fits-lifestyle/,0,3,0%,5
https://www.elevatewellnesschiro.com/chiropractic-in-hooper-ut/,0,3,0%,6
https://www.elevatewellnesschiro.com/why-people-visit-chiropractors/,0,2,0%,6
https://www.elevatewellnesschiro.com/wp-content/uploads/2021/12/Depositphotos_115700328_S.jpg,0,2,0%,6
https://www.elevatewellnesschiro.com/new-patient-forms/,0,2,0%,6.5
https://www.elevatewellnesschiro.com/chiropractic-treatment-vs-opioid/,0,2,0%,17
https://www.elevatewellnesschiro.com/back-pain-and-summer-travel/,0,2,0%,19
https://www.elevatewellnesschiro.com/how-the-weather-affects-pain/,0,2,0%,49.5
https://www.elevatewellnesschiro.com/healing-common-injuries-chiropractic/,0,1,0%,1
https://www.elevatewellnesschiro.com/signs-of-alignment,0,1,0%,1
https://www.elevatewellnesschiro.com/signs-of-hip-misalignment,0,1,0%,1
https://www.elevatewellnesschiro.com/myths-about-chiropractic-care/,0,1,0%,4
https://www.elevatewellnesschiro.com/runners-performance-chiropractic-care/,0,1,0%,4
https://www.elevatewellnesschiro.com/wp-content/uploads/2020/11/Depositphotos-spinal-disc-types.jpg,0,1,0%,4
https://www.elevatewellnesschiro.com/lower-back-pain/,0,1,0%,5
https://www.elevatewellnesschiro.com/chiropractor-help-reduce-migraines/,0,1,0%,6
https://www.elevatewellnesschiro.com/author/maxpdmutah-com/,0,1,0%,7
https://www.elevatewellnesschiro.com/see-a-chiropractor-after-a-car-accident/,0,1,0%,10
https://www.elevatewellnesschiro.com/signs-of-a-pinched-nerve/,0,1,0%,10
https://www.elevatewellnesschiro.com/how-a-chiropractor-can-relieve-sciatica/,0,1,0%,44
https://www.elevatewellnesschiro.com/accessibility-statement/,0,1,0%,94