Top queries,Clicks,Impressions,CTR,Position
elevate wellness chiropractic,80,456,17.54%,1.89
chiropractor bountiful,30,436,6.88%,5.35
chiropractor near me,29,1037,2.8%,9.34
elevate wellness chiropractic clinton,28,170,16.47%,1.04
elevate wellness bountiful,22,141,15.6%,1
uneven hips,20,3156,0.63%,9.14
elevate wellness,16,195,8.21%,1.84
elevate chiropractor,16,138,11.59%,3.71
elevate chiropractic,14,564,2.48%,9.57
elevated wellness chiropractic,13,102,12.75%,4.52
casey simmonds,13,59,22.03%,2.58
chiropractor,8,930,0.86%,9.19
elevate chiropractic and wellness,8,82,9.76%,2.4
chiropractor in bountiful utah,8,43,18.6%,1.91
hip misalignment,7,1134,0.62%,9.56
chiropractor bountiful utah,7,113,6.19%,6.35
one hip higher than the other,6,1948,0.31%,9.06
why do chiropractors call themselves doctors,6,1250,0.48%,5.14
bountiful chiropractor,6,793,0.76%,15.69
pregnancy chiropractor near me,5,137,3.65%,33.67
chiropractor in bountiful,5,63,7.94%,3.75
simmonds chiropractic,5,38,13.16%,4.95
elevated wellness,5,33,15.15%,2.09
hips out of alignment,4,550,0.73%,10.32
chiropractors near me,4,145,2.76%,9.24
pediatric chiropractor near me,4,51,7.84%,3.61
best chiropractor near me,4,28,14.29%,10.36
elevated chiropractic,4,21,19.05%,6.48
elevate chiropractic bountiful,4,9,44.44%,1
why are chiropractors called doctors,3,1157,0.26%,6.04
misaligned hips,3,695,0.43%,9.32
signs your hip is out of alignment,3,190,1.58%,9.95
chiropractor clinton,3,83,3.61%,5.11
symptoms of hip misalignment,3,33,9.09%,8.33
chiropractor centerville,3,14,21.43%,9.21
how to fix uneven hips,2,242,0.83%,8.77
right hip higher than left,2,190,1.05%,8.99
spinal decompression bountiful utah,2,176,1.14%,1.01
does correcting posture hurt,2,112,1.79%,5.1
uneven hips causing lower back pain,2,111,1.8%,8.38
uneven shoulders and hips,2,91,2.2%,10.81
unbalanced hips,2,85,2.35%,7.76
uneven hips causes,2,83,2.41%,7.76
how to tell if hips are misaligned,2,77,2.6%,12.45
chiropractor syracuse utah,2,76,2.63%,7.17
can uneven hips cause sciatica,2,75,2.67%,5.56
hip out of place symptoms,2,71,2.82%,11.39
chiropractor in farmington,2,47,4.26%,17.47
walk in chiropractor near me,2,37,5.41%,2.54
misaligned hips causing sciatica,2,37,5.41%,6.46
elevation chiropractic and wellness,2,28,7.14%,1
clinton chiropractic,2,20,10%,28.3
elevate wellness and vitality,2,17,11.76%,2.76
infant chiropractor near me,2,11,18.18%,2.55
female chiropractor near me,2,7,28.57%,4.14
scheef bekken pijn lies,2,5,40%,3
elevate welness,2,3,66.67%,1
osteopath vs chiropractor,1,1159,0.09%,13.63
hip out of alignment,1,609,0.16%,9.42
spinal decompression near me,1,590,0.17%,25.6
functional chiropractor,1,371,0.27%,11.09
uneven pelvis,1,361,0.28%,10.12
रीड की हड्डी मजबूत करने के लिए क्या खाना चाहिए,1,308,0.32%,9.89
why are my hips uneven,1,307,0.33%,8.51
torticollis chiropractor,1,305,0.33%,8.88
hip misalignment symptoms,1,304,0.33%,7.74
one hip is higher than the other,1,291,0.34%,9.24
chiropractor for dancers,1,249,0.4%,5.18
why is one of my hips higher than the other,1,245,0.41%,7.58
hip alignment test,1,245,0.41%,7.66
left hip higher than right,1,224,0.45%,8.19
hips uneven,1,224,0.45%,9.61
what causes uneven hips,1,220,0.45%,8.88
bountiful chiropractic,1,199,0.5%,6.47
elevate,1,191,0.52%,2.93
does fixing your posture hurt,1,181,0.55%,6.17
chiropractor near me bountiful utah,1,179,0.56%,1
pregnancy chiropractor bountiful utah,1,175,0.57%,1.05
crooked hips,1,168,0.6%,7.02
why go to a chiropractor,1,165,0.61%,11.15
what causes one hip to be higher than the other,1,162,0.62%,6.79
one hip lower than the other,1,161,0.62%,7.06
hips out of alignment symptoms,1,149,0.67%,9.95
pediatric chiropractor utah,1,142,0.7%,9.62
chiropractor roy utah,1,128,0.78%,7.03
reasons to see a chiropractor,1,119,0.84%,7.44
how to tell if your hips are out of alignment,1,103,0.97%,8.89
chiropractor for leg pain,1,95,1.05%,7.24
hip higher on one side,1,89,1.12%,9.18
one hip higher than the other treatment,1,88,1.14%,8.59
why chiropractors call themselves doctors,1,83,1.2%,5.51
how to tell which hip is higher,1,82,1.22%,8.28
hips out of alignment back pain,1,81,1.23%,9.14
one hip sits higher than the other,1,79,1.27%,9.77
why is a chiropractor called a doctor,1,77,1.3%,8.6
can misaligned hips cause sciatica,1,73,1.37%,6.22
one side of hip is higher than the other,1,72,1.39%,7.97
why does correcting my posture hurt,1,66,1.52%,4.85
what is it called when your hips are uneven,1,65,1.54%,9.77
uneven hips test,1,62,1.61%,7.71
chiropractor roy,1,60,1.67%,5.92
wellness chiropractic,1,59,1.69%,8.97
chiropractor kaise bane in hindi,1,59,1.69%,9.97
leaning on one hip,1,58,1.72%,7.64
left hip lower than right,1,58,1.72%,7.66
does fixing your posture hurt at first,1,57,1.75%,6.28
hips uneven back pain,1,52,1.92%,7.19
one hip weaker than other,1,52,1.92%,7.33
trying to correct my posture hurts,1,49,2.04%,5.49
crooked hips lower back pain,1,49,2.04%,9.12
one hip is bigger than the other,1,48,2.08%,8.12
one hip is lower than the other,1,47,2.13%,6.98
spinal decompression therapy,1,42,2.38%,5.67
leg pain chiropractor,1,42,2.38%,10.24
does chiropractic make you taller,1,40,2.5%,8.07
are chiropractors considered doctors,1,39,2.56%,20.74
prenatal chiropractor near me,1,38,2.63%,14.45
hip protruding on one side,1,36,2.78%,8.64
what to do if your hips are out of alignment,1,36,2.78%,8.89
spine decompression near me,1,36,2.78%,33.08
hips out of line,1,34,2.94%,9.26
hip sticking out on one side,1,33,3.03%,9.45
why is one side of hip higher than the other,1,32,3.12%,7.47
how to become chiropractor,1,32,3.12%,39.69
hips feel misaligned,1,29,3.45%,9
hip imbalance test,1,29,3.45%,10.34
when one hip is higher than the other,1,23,4.35%,7.61
hip one side higher than the other,1,23,4.35%,8.87
one hip bone higher than the other,1,22,4.55%,7.32
hips are uneven how to fix,1,20,5%,7.7
right hip sits higher than left,1,20,5%,9.1
can fixing your posture hurt,1,18,5.56%,5.39
hypermobile chiropractor,1,18,5.56%,7.5
torticollis in adults,1,17,5.88%,2.53
how to know if your hip is out of alignment,1,17,5.88%,5.88
elevate health and wellness,1,16,6.25%,2.69
chiro,1,16,6.25%,5.62
osteopath chiropractor,1,15,6.67%,11.2
what is the difference between chiropractic and osteopathic medicine,1,13,7.69%,9.46
one side of hip sticks out more,1,13,7.69%,10.38
are chiropractors really doctors,1,13,7.69%,23.23
hypermobility chiropractor near me,1,13,7.69%,23.23
massage near me,1,13,7.69%,46.23
elevated chiropractor,1,11,9.09%,1.64
joint and muscle health,1,11,9.09%,8.73
hip alignment exercises,1,10,10%,3
elevate chiro,1,10,10%,12.8
upper cervical chiropractic near me,1,9,11.11%,1.89
back pain relief near me,1,8,12.5%,3
which doctor do i see if my hips are out of alignment,1,7,14.29%,11.86
sports chiropractor near me,1,7,14.29%,13.43
chiropractic for leg pain,1,6,16.67%,6.5
chiropractor clinton utah,1,5,20%,1
shoulder posture correction,1,5,20%,1
chiropractic clinics near me,1,5,20%,2.4
hip dislocation symptoms,1,5,20%,2.4
yes,1,5,20%,3.4
how do i know if my hip is out of alignment,1,5,20%,4.4
best chiropractors near me,1,4,25%,1
affordable chiropractor near me,1,4,25%,1.5
chiropractor for hypermobility near me,1,4,25%,1.5
top rated chiropractor,1,4,25%,1.5
elevate well ess,1,4,25%,2.25
chiropractor near,1,4,25%,3.5
newborn chiropractor near me,1,4,25%,5.5
functional medicine and chiropractic,1,4,25%,10.25
walk-in chiropractic near me,1,3,33.33%,2
wellness elevate,1,3,33.33%,2
soft wave therapy,1,3,33.33%,2.67
will chiropractor help,1,3,33.33%,3.33
chiropractor walk in,1,2,50%,1
chiropractor.,1,2,50%,1
elevated health,1,2,50%,1.5
shockwave therapy near me,1,2,50%,1.5
bascule du bassin exercice,1,2,50%,2
can chiropractors adjust hips,1,2,50%,2
chiropractor for babies,1,2,50%,2
do chiropractors massage,1,2,50%,3
elevate chiropratic,1,2,50%,4
best doctor for sciatica nerve pain near me,1,2,50%,6
my hip feels out of alignment,1,2,50%,9
back on trac decompression near me,1,1,100%,1
chiropractics near me,1,1,100%,1
cyropractor near me,1,1,100%,1
elevate wellness center,1,1,100%,1
elivate wellness,1,1,100%,1
ellevate wellness,1,1,100%,1
massage elevate,1,1,100%,1
wellness chiropractic clinic,1,1,100%,1
chiropractor champlin,1,1,100%,2
chiropractor in pune,1,1,100%,2
elevate therapeutic massage,1,1,100%,2
elevate wellness testosterone,1,1,100%,2
is dr trevor bachmeyer a medical doctor,1,1,100%,2
que fait un ostéopathe,1,1,100%,2
why is one side of my waist more curved,1,1,100%,2
back strain treatment,1,1,100%,3
best stretches,1,1,100%,3
chiropractor the villages,1,1,100%,3
nerve pain in legs,1,1,100%,3
webster technique certified chiropractor,1,1,100%,4
woodbridge chiropractic clinic,1,1,100%,5
yes to all,1,1,100%,5
active release therapy near me,1,1,100%,6
risks of untreated chronic back pain,0,5719,0%,5.8
questions to ask chiropractor,0,1591,0%,2.63
chiropractor vs osteopath,0,1198,0%,27.35
are chiropractors doctors,0,993,0%,14.08
chiropractor salt lake city,0,821,0%,29.71
chiropractic adjustment near me,0,793,0%,1.3
can chiropractors call themselves doctors,0,677,0%,7.55
supplements for poor posture,0,666,0%,8.91
chiropractic,0,514,0%,4.75
osteopathy vs chiropractic,0,492,0%,28.29
is a chiropractor a doctor,0,481,0%,25.74
chiropractor for depression,0,472,0%,37.93
chiropractic benefits,0,440,0%,38.5
chiropractor help with weight loss,0,433,0%,17.01
back pain relief,0,385,0%,1.95
uneven hip,0,344,0%,8.02
difference between osteopath and chiropractor,0,324,0%,26.86
chiropractic treatment for wrist pain,0,313,0%,21.57
why is one hip higher than the other,0,307,0%,8.87
why are chiropractors not doctors,0,290,0%,9.15
can a chiropractor make you taller,0,284,0%,8.11
can a chiropractor help with torticollis,0,281,0%,8.97
does cracking your back make you taller,0,280,0%,7.2
questions to ask a chiropractor,0,272,0%,10.96
osteopathy vs chiropractor,0,268,0%,25.79
chiropractic questions,0,265,0%,66.36
why does good posture hurt,0,264,0%,5.63
can chiropractor help with torticollis,0,258,0%,7.54
tmj chiropractic adjustment,0,257,0%,29.83
spinal decompression therapy near me,0,256,0%,25.73
hip imbalance,0,254,0%,8.78
unaligned hips,0,253,0%,9.13
why can chiropractors call themselves doctors,0,248,0%,5.73
can going to a chiropractor make you taller,0,246,0%,7.93
auto accident chiropractor bountiful,0,244,0%,4.92
chiropractor or osteopath,0,239,0%,31.83
auto accident chiropractor clinton,0,238,0%,3.65
can going to the chiropractor make you taller,0,237,0%,7.6
can chiropractor help torticollis,0,235,0%,9.26
uneven hips causing lumbar issue,0,232,0%,8.86
chiropractic adjustments salt lake city,0,228,0%,44.07
can chiropractic help torticollis,0,223,0%,6.32
one hip bigger than the other,0,221,0%,7.57
chiropractic care for gymnast,0,220,0%,2.61
difference osteopath and chiropractor,0,219,0%,38.89
north salt lake chiropractor,0,215,0%,11.48
sciatica after car accident,0,213,0%,28.42
slc chiropractor,0,210,0%,32.5
chiropractic weight loss,0,209,0%,15.05
chiropractic services salt lake city,0,206,0%,27.11
benefits of going to a chiropractor,0,203,0%,44.03
torticollis baby chiropractic treatment,0,202,0%,20.19
chiropractic and mental health,0,191,0%,36.21
are chiropractors medical doctors,0,188,0%,15.58
sciatica treatment near me,0,186,0%,12.55
one of my hips is higher than the other,0,185,0%,6.62
can chiropractor help baby torticollis,0,184,0%,25.86
hip misalignment and ligaments,0,183,0%,9.86
types of disc,0,182,0%,2.28
can a chiropractor help with baby torticollis,0,182,0%,25.32
chiropractor massage,0,181,0%,1.03
farmington chiropractor,0,181,0%,23.96
prenatal chiropractic care salt lake city,0,181,0%,53.4
sports injury chiropractor bountiful,0,180,0%,1.2
pediatric chiropractor bountiful utah,0,179,0%,1.65
emergency chiropractor clinton,0,179,0%,2.75
neck pain chiropractor bountiful,0,177,0%,2.12
do you call a chiropractor doctor,0,177,0%,9.13
sciatica treatment bountiful utah,0,176,0%,1.57
how to become a chiropractor,0,175,0%,47.65
car accident chiropractor bountiful utah,0,174,0%,1.02
chiropractor near me clinton utah,0,174,0%,1.02
whiplash treatment bountiful utah,0,174,0%,1.25
back pain chiropractor bountiful,0,173,0%,1.48
back pain chiropractor clinton utah,0,173,0%,1.54
sports injury chiropractor clinton,0,173,0%,1.54
neck pain chiropractor clinton,0,173,0%,1.73
how can chiropractors call themselves doctors,0,173,0%,5.51
spinal decompression clinton utah,0,172,0%,1.12
bulging disc treatment clinton utah,0,172,0%,1.42
pregnancy chiropractor clinton utah,0,172,0%,1.87
migraine chiropractor bountiful utah,0,172,0%,2.41
noninvasive chiropractic treatments slc,0,172,0%,29.48
misaligned hip,0,171,0%,7.96
west bountiful chiropractor,0,171,0%,15.85
prenatal chiropractor bountiful,0,170,0%,1.01
pediatric chiropractor clinton utah,0,169,0%,1.79
headache treatment bountiful utah,0,168,0%,10.61
herniated disc chiropractor bountiful,0,168,0%,20.05
benefits of seeing a chiropractor,0,168,0%,39.88
why are chiropractors allowed to call themselves doctors,0,167,0%,6.25
bulging disc treatment bountiful utah,0,166,0%,1.1
uneven hips symptoms,0,165,0%,7.82
asymmetrical hips,0,162,0%,8.64
chiropractic care for tmj,0,162,0%,19.17
sciatica treatment clinton utah,0,161,0%,1.5
chiropractor farmington,0,159,0%,20.29
chiropractic clinic salt lake city,0,157,0%,51.9
chiropractors are not medical doctors,0,155,0%,8.69
are chiropractors physicians,0,155,0%,16.75
spinal decompression,0,154,0%,5.93
emergency chiropractor bountiful,0,154,0%,8.46
why is one hip bigger than the other,0,153,0%,8.51
hips feel uneven,0,150,0%,10.47
chiropractic care near me,0,148,0%,2.44
tmj and chiropractic,0,147,0%,29.55
can chiropractors make you taller,0,146,0%,8.45
chiropractors are not doctors,0,146,0%,10.84
neck pain chiropractor salt lake city,0,143,0%,24.14
difference between chiropractor and osteopath,0,142,0%,20.58
backpack for back pain,0,141,0%,38.45
chiropractor slc,0,140,0%,48.05
chiropractic for mental health,0,139,0%,36.73
can a chiropractic adjustment cause diarrhea,0,138,0%,10.77
can chiropractor make you taller,0,136,0%,9.11
neck pain relief chiropractor slc,0,136,0%,29.08
my hip bones are ineven is this normal?,0,134,0%,8.7
repetitive motions,0,134,0%,42.84
best chiropractor in salt lake city,0,133,0%,51.56
chiropractic vs osteopathy,0,132,0%,24.34
chiropractor full body adjustment,0,131,0%,1.17
pediatric chiropractor,0,131,0%,7.78
fixing posture hurts,0,129,0%,4.33
height,0,128,0%,1.17
good posture hurts,0,128,0%,4.16
how to relieve pain after a car accident,0,128,0%,43.53
pregnancy chiropractor,0,127,0%,14.91
chiropractor for muscle knots,0,127,0%,19.98
cottonwood sciatica,0,127,0%,37.69
osteopath,0,126,0%,2.65
auto accident chiropractor salt lake city,0,126,0%,7.48
my hips are uneven,0,126,0%,8.71
chiropractor and weight loss,0,126,0%,13.6
hip out of alignment causing back pain,0,126,0%,15.07
auto injury chiropractor schererville,0,126,0%,58.93
left hip is higher than right,0,125,0%,8.77
chiropractor weight loss,0,125,0%,17.35
uneven hips back pain,0,124,0%,7.88
hip alignment,0,124,0%,10.23
spinal adjustment salt lake city,0,124,0%,21.5
personalized chiropractic care plans salt lake city,0,124,0%,49.32
auto accident chiropractor schererville,0,124,0%,64.27
whiplash treatment,0,123,0%,1.81
can chiropractor help with weight loss,0,123,0%,13.62
pinched nerve chiropractor salt lake city,0,123,0%,51.08
why does having good posture hurt,0,122,0%,6.25
uneven hips before and after,0,122,0%,10.11
omt therapy,0,121,0%,3.09
can i get chiropractic care while pregnant,0,121,0%,8.79
osteopath v chiropractic,0,121,0%,25.12
best backpacks for back pain,0,121,0%,48.34
osteopathic manipulative treatment,0,120,0%,3.04
chiropractor for digestive issues,0,120,0%,46.27
chiropractor for radiating leg pain,0,119,0%,5.87
how do hips get out of alignment,0,119,0%,8.58
chiropractic functional medicine,0,119,0%,8.6
chiropractic care for weight loss,0,119,0%,22.39
dr todd strong,0,118,0%,2.02
why do people say chiropractors aren't real doctors,0,117,0%,7.09
hips feel out of alignment,0,117,0%,8.76
tmj and chiropractic care,0,115,0%,44.19
posture correction chiropractor salt lake city,0,115,0%,45.21
why aren't chiropractors considered doctors,0,114,0%,9.11
best backpack for back problems,0,114,0%,42.43
gentle chiropractic adjustments salt lake city,0,114,0%,49.39
why does fixing my posture hurt,0,113,0%,3.86
osteopathic vs chiropractic,0,113,0%,11.62
hips out of alignment causing back pain,0,113,0%,11.63
chiropractic wellness schererville,0,113,0%,54.27
clinton chiropractor,0,112,0%,7.76
can you see a chiropractor while pregnant,0,112,0%,10.05
best backpack for back pain,0,112,0%,46.21
omt,0,111,0%,3.04
ask a chiropractor,0,111,0%,16.18
chiropractor in salt lake city ut,0,111,0%,36.06
shoulder pain chiropractor salt lake city,0,111,0%,39.26
how to tell if hips are uneven,0,110,0%,10.08
out of line hips,0,110,0%,10.65
spinal adjustment salt lake,0,110,0%,17.23
backpack that is good for your back,0,110,0%,39.59
symptoms of uneven hips,0,109,0%,6.94
do you call chiropractors doctors,0,109,0%,7.44
steps to become a chiropractor,0,109,0%,9.28
can chiropractic adjustments help with weight loss,0,109,0%,11.41
herniated disc chiropractic care salt lake city,0,109,0%,13.61
chiropractor in west bountiful,0,109,0%,18.7
benefits of a chiropractor,0,109,0%,41.15
does chiropractor make you taller,0,108,0%,7.97
what causes hip misalignment,0,108,0%,9.98
menjelaskan pentingnya pemanasan,0,108,0%,11.62
spinal decompression reading,0,108,0%,25.46
backpacks that are good for your back,0,108,0%,42.06
repetitive motion injuries,0,108,0%,45.98
hips not aligned,0,107,0%,8.82
can chiropractic care help with weight loss,0,107,0%,12.54
chiropractic care and weight loss,0,107,0%,17.39
best evidence-based chiropractor near liberty wells,0,107,0%,73.51
chiropractor for torticollis,0,106,0%,11.11
whiplash treatment clinton utah,0,106,0%,11.23
ergonomic backpack for back pain,0,106,0%,30.04
best backpack for bad back,0,106,0%,43.71
best backpacks for bad backs,0,106,0%,45.36
can a chiropractor help with leg pain,0,105,0%,6.85
hip out of alignment sciatica,0,105,0%,7.64
sciatica treatment salt lake,0,105,0%,17.62
tension headache chiropractor salt lake city,0,105,0%,34.52
best chiropractor in west bountiful,0,104,0%,10.03
herniated disc chiropractor salt lake city,0,103,0%,12.07
chiropractor for weight loss,0,103,0%,14.12
chiropractic care salt lake city,0,103,0%,29.15
backpacks for bad backs,0,103,0%,40.66
backpacks good for your back,0,103,0%,47.83
hips unaligned,0,101,0%,9.51
reasons to go to a chiropractor,0,101,0%,9.87
backpack good for back,0,101,0%,47.09
chiropractor near me salt lake city,0,101,0%,48.53
tmj chiro,0,101,0%,50.5
should chiropractors be called doctors,0,100,0%,8.62
backpacks for back pain,0,100,0%,40.29
what is an osteopath,0,99,0%,2.41
one hip higher than the other back pain,0,99,0%,8.97
questions to ask your chiropractor,0,99,0%,10
experienced chiropractor salt lake city,0,99,0%,35.35
chiropractor cost salt lake city,0,99,0%,40.65
backpack for back problems,0,99,0%,40.8
chiropractor near liberty park salt lake city,0,99,0%,56.83
hips are uneven,0,98,0%,8.76
salt lake city ut chiropractic,0,98,0%,36.35
chiropractic salt lake city utah,0,98,0%,39.93
hip out of alignment symptoms,0,97,0%,9.84
headache treatment clinton utah,0,97,0%,10.77
chiropractic bountiful,0,97,0%,14.25
is a chiropractor a real doctor,0,97,0%,23.46
good backpacks for back pain,0,97,0%,42.02
how long does it take to become a chiropractor,0,97,0%,66.6
functional medicine chiropractor,0,96,0%,9.93
south salt lake chiropractor,0,96,0%,32.36
chiropractors salt lake city utah,0,96,0%,37.28
backpack for bad backs,0,96,0%,42.77
best bags for back pain,0,96,0%,45.25
can cracking your back make you taller,0,95,0%,6.76
car accident chiropractic treatment salt lake city,0,95,0%,7.33
chiropractic stretch,0,95,0%,36.18
backpack for lower back pain,0,95,0%,42.49
chiropractic slc,0,95,0%,46.02
what type of bag is best for your back,0,95,0%,54.2
hips misaligned,0,94,0%,9.51
disc injuries,0,93,0%,13.97
chronic pain chiropractic care salt lake city,0,93,0%,24.47
spinal misalignment and stomach problems,0,92,0%,19.8
pediatric chiropractor for torticollis,0,92,0%,27.1
salt lake city chiropractor,0,92,0%,28.66
salt lake city ut chiropractor,0,92,0%,37.55
repetitive movements at work can lead to injuries.,0,92,0%,45.41
best bag for lower back pain,0,92,0%,47.61
salt lake chiropractors,0,91,0%,34.09
backpacks for people with bad backs,0,91,0%,39.75
chiropractic salt lake city,0,91,0%,42.73
bags good for your back,0,91,0%,55.56
can chiropractor help with constipation,0,91,0%,62.11
one hip feels higher than the other,0,90,0%,7.88
"pemanasan sebelum melakukan aktivitas fisik penting karena ... * membuang 
waktu membuat lelah mengurangi risiko cedera menurunkan detak jantung 
membuat otot lebih tegang",0,90,0%,7.98
lower back pain chiropractic treatment salt lake city,0,90,0%,31.18
can spinal misalignment cause stomach problems,0,89,0%,14.65
best backpack for lower back pain,0,89,0%,45.21
emergency chiropractor salt lake city,0,89,0%,47.93
sciatica chiropractor near me,0,88,0%,24
wellness salon bountiful,0,88,0%,27.43
non invasive chiropractic,0,88,0%,58.36
is chiropractor a doctor,0,87,0%,30.33
back pack for back pain,0,87,0%,33.22
best chiropractor salt lake,0,87,0%,44.07
what causes hips to be uneven,0,86,0%,8.85
symptoms of hips out of alignment,0,86,0%,9.76
auto accident chiropractor,0,85,0%,3.91
repetitive motion injuries in construction,0,85,0%,5.6
lopsided hips,0,85,0%,7.64
how to be a chiropractor,0,85,0%,15.48
chiropractic physician salt lake,0,85,0%,44.85
fibromyalgia chiropractor salt lake city,0,84,0%,53.58
one hip higher than other,0,83,0%,8.94
hip alignment back pain,0,83,0%,18.23
backpack alternatives for back pain,0,83,0%,37.25
osteopath vs chiropractic,0,82,0%,15.7
is a chiropractor a medical doctor,0,82,0%,22.26
can a chiropractor help with tmj,0,82,0%,88.35
becoming a chiropractor,0,81,0%,18.99
sciatica treatment salt lake city,0,81,0%,35.75
pemanasan sebelum melakukan aktivitas fisik penting karena,0,80,0%,7.72
traumatic work injury delayed symptoms,0,80,0%,49.26
chiropractic for digestive issues,0,80,0%,49.92
modern chiropractic methods slc,0,80,0%,51.34
are chiropractors allowed to call themselves doctors,0,79,0%,7.35
"pemanasan sebelum melakukan aktivitas fisik penting karena ... * 1 poin 
membuang waktu membuat lelah mengurangi risiko cedera menurunkan detak 
jantung membuat otot lebih tegang",0,79,0%,7.87
emergency chiropractor near me,0,79,0%,30.84
affordable chiropractor salt lake city,0,79,0%,37.9
car accident chiropractor schererville,0,79,0%,76.2
care elevate,0,78,0%,2.71
back pain chiropractor salt lake city,0,78,0%,21.67
osteopath or chiropractor,0,78,0%,22.54
can a chiropractor call themselves a doctor,0,77,0%,6.81
does good posture hurt at first,0,77,0%,7.01
why are chiropractors not considered doctors,0,77,0%,10.05
can going to a chiropractor help you lose weight,0,77,0%,15.34
spinal decompression utah,0,77,0%,32.65
bowel movement after chiropractic adjustment,0,77,0%,43.26
chiropractor syracuse ut,0,76,0%,7.32
why is one side of my hip higher than the other,0,76,0%,7.53
why do my hips look uneven,0,76,0%,8.39
hips out of place,0,76,0%,9.91
west bountiful chiropractic,0,75,0%,8.12
hip uneven,0,74,0%,8.36
osteopathic manipulative treatment vs chiropractic,0,74,0%,8.81
uneven hips and shoulders,0,74,0%,10.34
pediatric chiropractor bountiful,0,74,0%,12.68
whiplash stiff neck,0,74,0%,33.36
does going to a chiropractor make you taller,0,73,0%,6.81
chiropractor west bountiful,0,73,0%,6.85
does going to the chiropractor make you taller,0,73,0%,7.86
are chiropractors called doctors,0,73,0%,9.97
personal trainer in bountiful,0,73,0%,65.84
why does sitting with good posture hurt,0,72,0%,6.89
pregnancy chiropractor bountiful,0,72,0%,10.6
chiro for tmj,0,72,0%,14.92
mattresses designed for wellness and spinal support,0,72,0%,22.65
sciatica pain relief salt lake city,0,72,0%,37.33
holistic chiropractic approach slc,0,72,0%,40.1
chiropractor west bountiful ut,0,71,0%,7.39
best chiropractor west bountiful,0,71,0%,7.82
spinal disc injuries,0,71,0%,28.35
chiropractor help lose weight,0,70,0%,12.63
elevate wellness chiropractic medicine,0,70,0%,14.01
right hip lower than left,0,69,0%,7.65
can a chiropractor help with weight loss,0,69,0%,10.75
massage therapy integrated with chiropractic salt lake city,0,69,0%,37.87
hip pain chiropractic care salt lake city,0,69,0%,42.88
gentle chiropractor for seniors salt lake city,0,69,0%,54.57
why does it hurt when i fix my posture,0,68,0%,3.88
right hip out of alignment,0,68,0%,7.68
difference between osteopathy and chiropractic,0,68,0%,19.97
spinal decompression south jordan,0,68,0%,56.44
chiropractic treatment for gut health,0,68,0%,61.99
benefits of chiropractic care for kids,0,68,0%,80
tension headache bountiful,0,67,0%,7.9
why does correcting posture hurt,0,66,0%,5.08
tmj chiropractic,0,66,0%,33.92
chiropractic care for depression,0,66,0%,34.32
learning chiropractic,0,66,0%,36.62
migraine chiropractic treatment salt lake city,0,66,0%,50.58
why are chiropractors doctors,0,65,0%,8.29
my hip is out of alignment,0,65,0%,8.31
back pain relief clinton,0,64,0%,8.73
uneven legs hip pain,0,64,0%,10.27
spinal decompression bountiful,0,64,0%,11.59
headaches bountiful,0,64,0%,15.11
what speed causes whiplash,0,64,0%,29.88
migraine and headache chiropractor slc,0,64,0%,38.2
sciatica pain chiropractic south jordan,0,64,0%,41.98
patient-centered chiropractic treatments slc,0,64,0%,46.55
chiropractor liberty wells,0,64,0%,55.3
evidence based chiropractic techniques salt lake city,0,63,0%,40.14
how to relieve pain after car accident,0,63,0%,40.87
affordable chiropractic care in salt lake city,0,63,0%,43.37
correcting posture hurts,0,62,0%,5.19
does cracking your spine make you taller,0,62,0%,6.55
how to tell if one hip is higher than the other,0,62,0%,9.29
can a chiropractor help with wrist pain,0,62,0%,9.31
do chiropractors have a medical degree,0,62,0%,10.66
pregnancy chiropractor clinton,0,62,0%,11.19
pediatric chiropractic salt lake city,0,62,0%,23.74
joint pain chiropractor salt lake city,0,62,0%,37.85
bag for back pain,0,62,0%,43
licensed chiropractor salt lake city,0,62,0%,43.39
chiropractic liberty wells,0,62,0%,66.52
why do chiros call themselves doctors,0,61,0%,6.34
my left hip is higher than my right,0,61,0%,6.9
does cracking your back make you taller or shorter,0,61,0%,7.66
leg pain chiropractic,0,61,0%,7.84
can your hips be out of alignment,0,61,0%,13.72
top-rated chiropractic clinic salt lake city,0,61,0%,50.75
signs your hips are out of alignment,0,60,0%,8.08
hip misaligned,0,60,0%,8.28
spinal decompression clinton,0,60,0%,8.52
how do u become a chiropractor,0,60,0%,11.88
chiropractic and functional medicine,0,60,0%,12.88
why should you go to a chiropractor,0,60,0%,16.3
pediatric chiropractor in powell,0,60,0%,16.63
osteopath versus chiropractor,0,60,0%,18.73
are chiropractors real doctors,0,60,0%,28.3
chiropractor help with constipation,0,60,0%,56.63
why does fixing posture hurt,0,59,0%,3.41
elevate utah,0,59,0%,5.59
can chiropractors call themselves physicians,0,59,0%,6.37
do chiropractors call themselves doctors,0,59,0%,6.59
chiropractor for stomach pain,0,59,0%,16.85
benefits of chiropractic care for weight loss,0,59,0%,17.88
sciatica pain chiropractic draper,0,59,0%,27.92
experienced chiropractor for prenatal care slc,0,59,0%,31.05
sciatica treatment south jordan,0,59,0%,41.73
pediatric chiropractor clinton,0,58,0%,7.62
hips shifted to one side,0,58,0%,8.86
"apa fungsi utama dari pemanasan sebelum melakukan aktivitas fisik? pilihan 
jawaban a meningkatkan kekuatan otot b menurunkan detak jantung c 
mengurangi risiko cedera dan mempersiapkan tubuh untuk aktivitas d 
meningkatkan ketahanan tubuh terhadap penyakit e meningkatkan keseimbangan 
saat bergerak",0,58,0%,9.81
correct shoulder posture,0,58,0%,15.16
weight loss and chiropractic care,0,58,0%,17.91
non-invasive back pain relief salt lake city,0,58,0%,20.93
tmj syndrome and chiropractic,0,58,0%,34.5
repetitive motion,0,58,0%,43.17
chiropractor specializing in sports injuries salt lake city,0,58,0%,45.52
back pain clinton,0,57,0%,2.93
why does it hurt to fix my posture,0,57,0%,3.46
spinal disc injuries bountiful,0,57,0%,7.19
hips misaligned symptoms,0,57,0%,7.82
i think my hips are out of alignment,0,57,0%,8.28
functional medicine chiropractic,0,57,0%,13.95
tmj and chiropractic treatment,0,57,0%,22.79
chiropractic west bountiful,0,56,0%,5.27
fixing my posture hurts,0,56,0%,6.98
hip higher than the other,0,56,0%,9.71
how does a hip get out of alignment,0,56,0%,11.57
how to know if your hips are out of alignment,0,56,0%,13.14
pediatric chiropractic services slc,0,56,0%,13.91
pediatric chiropractic care salt lake city,0,56,0%,17.48
what is the difference between an osteopath and a chiropractor,0,56,0%,23.66
top-rated chiropractor salt lake city,0,56,0%,48.41
why does good posture hurt my back,0,55,0%,4.85
is fixing your posture supposed to hurt,0,55,0%,5.04
does fixing posture hurt,0,55,0%,5.05
does correcting your posture hurt,0,55,0%,5.93
can chiropractor call themselves doctor,0,55,0%,7.84
is it normal for one hip to be higher than the other,0,55,0%,8.05
is it normal for one hip to be bigger than the other,0,55,0%,8.47
how do your hips get out of alignment,0,55,0%,8.8
to avoid alignment or repetitive injuries while working use,0,55,0%,9.93
headache relief,0,55,0%,12.02
massage services bountiful,0,55,0%,13.38
best bag for back pain,0,55,0%,46.91
is good posture supposed to hurt,0,54,0%,4.31
my hips are not aligned,0,54,0%,7.78
signs of uneven hips,0,54,0%,8.3
hips out of alignment pain,0,54,0%,11.17
sciatica,0,54,0%,15.78
spinal care in salt lake city,0,54,0%,24
decompress lower back south jordan,0,54,0%,54.93
disc injury,0,53,0%,1
if one hip is higher than the other,0,53,0%,7.09
why chiropractors are not doctors,0,53,0%,8.26
reasons to go to chiropractor,0,53,0%,9.4
salt lake city chiropractic care,0,53,0%,41.77
how to realign hips,0,52,0%,2.52
how to fix hip misalignment,0,52,0%,6.85
can a chiropractor help with muscle knots,0,52,0%,8
what's the difference between an osteopath and a chiropractor,0,52,0%,24.5
treatment for sciatica salt lake city,0,52,0%,33.98
chiropractic care for digestive issues,0,52,0%,45.19
chiropractic new patients,0,52,0%,63.58
torticollis,0,51,0%,2.61
hip misalignment causes,0,51,0%,7.8
can chiropractor increase height,0,51,0%,8.18
right hip is higher than left,0,51,0%,8.73
research backed chiropractic care salt lake city,0,51,0%,36.84
chiropractic clinton,0,50,0%,4.5
chiropractor doctor called,0,50,0%,9.9
hip not aligned,0,50,0%,10
misalignment of hips,0,50,0%,10.9
weight loss through chiropractic,0,50,0%,13.98
chiropractic care for digestive problems in gainesville,0,50,0%,20.2
wellness clinic salt lake city,0,50,0%,62.86
do chiropractors go to medical school,0,49,0%,2.35
affordable chiropractor west bountiful,0,49,0%,3.29
does fixing posture hurt at first,0,49,0%,4.94
whiplash bountiful,0,49,0%,7.53
crooked hip,0,49,0%,7.88
caderas desniveladas,0,49,0%,8.1
can chiropractic adjustments cause diarrhea,0,49,0%,9.73
hip is out of alignment,0,49,0%,9.76
chiropractor for lower back for stomach with gas,0,49,0%,9.86
what speed can you get whiplash,0,49,0%,53.41
sports injury chiropractor salt lake city,0,49,0%,54
chiropractor for digestive health,0,49,0%,58.88
torticollis chiropractic,0,48,0%,6.54
1 hip higher than the other,0,48,0%,7.56
chiropractor make you taller,0,48,0%,8.38
can a back adjustment make you taller,0,48,0%,8.42
relaxation massage bountiful,0,48,0%,13.85
difference between chiropractor and osteopathic doctor,0,48,0%,17.58
auto accident chiropractor draper,0,48,0%,45.46
can you get whiplash at 2 mph,0,48,0%,62.02
back pain treatment,0,47,0%,1.04
trying to fix posture hurts,0,47,0%,4.64
why chiropractor called doctor,0,47,0%,6.85
lower back pain hips out of alignment,0,47,0%,7.98
hip higher than other,0,47,0%,8.34
uneven hip bones,0,47,0%,8.4
whiplash morning stiffness source,0,47,0%,9.13
hips are out of alignment,0,47,0%,9.83
are chiropractors doctors?,0,47,0%,17.49
which long haul cabin class is best for people with back pain,0,46,0%,6.5
why do my hips feel uneven,0,46,0%,9.3
is a chiropractor a physician,0,46,0%,10.78
out of alignment hip,0,46,0%,12.39
osteo vs chiro,0,46,0%,20.26
what is the difference between a chiropractor and an osteopath,0,46,0%,23.2
chiropractic stretching,0,46,0%,53.15
chiropractor for spinal decompression near me,0,46,0%,60.24
chiropractor layton ut,0,45,0%,1
neuropathy bountiful,0,45,0%,4.64
hip imbalance symptoms,0,45,0%,6.18
my hips feel uneven,0,45,0%,8.49
why does one hip stick out more than the other,0,45,0%,9.24
uneven hip pain,0,45,0%,9.49
migraines bountiful,0,45,0%,16.07
chiropractic and weight loss,0,45,0%,17.76
chiropractor stomach pain,0,45,0%,22.09
chiropractor for stress and anxiety,0,45,0%,73.6
can chiropractic help with constipation,0,45,0%,76.73
chiropractor for quadriceps pain,0,44,0%,5.59
why do people say chiropractors aren t real doctors,0,44,0%,6.59
chiropractic leg pain,0,44,0%,9.27
can going to the chiropractor help you lose weight,0,44,0%,9.73
tension headache,0,44,0%,10.55
minimum speed for whiplash,0,44,0%,65.16
sciatica bountiful,0,43,0%,2.53
pediatric chiropractic specialist near sugarhouse,0,43,0%,5.84
chiropractors aren't doctors,0,43,0%,6.98
can you get chiropractic care while pregnant,0,43,0%,8.07
auto accident chiropractic care slc,0,43,0%,13.12
best chiropractor for car accidents in salt lake city,0,43,0%,13.65
lower back pain bountiful,0,43,0%,25.4
chiropractor or osteopath for sciatica,0,43,0%,27.65
chiropractor for wrist pain,0,43,0%,29.81
benefits of chiropractic care for babies,0,43,0%,59.19
elevate physical therapy,0,42,0%,1.17
torticollis and chiropractic,0,42,0%,4.88
fixing bad posture hurts,0,42,0%,7.33
my hips are out of alignment,0,42,0%,9.45
chiropractic adjustment,0,42,0%,16.88
are chiros doctors,0,42,0%,22.31
does chiropractic help constipation,0,42,0%,53.24
why does correct posture hurt,0,41,0%,3.07
"pemanasan membantu tubuh menyesuaikan diri dengan aktivitas fisik. * benar 
salah",0,41,0%,6.68
uneven hip symptoms,0,41,0%,8.05
misaligned hips symptoms,0,41,0%,8.93
osteopathic vs chiropractor,0,41,0%,12.49
chiropractic and tmj adjustment,0,41,0%,28.93
headache relief chiropractor,0,41,0%,59.63
"to avoid alignment or repetitive injuries while working, use:",0,40,0%,3.85
can chiropractor help with leg pain,0,40,0%,7.1
can one hip be higher than the other,0,40,0%,7.12
i feel like my hips are out of alignment,0,40,0%,7.5
chiropractic farmington,0,40,0%,28.6
decompression near me,0,40,0%,29.85
salt lake city chiropractor with ozone therapy,0,40,0%,69.85
osteopathic manipulation,0,39,0%,2.95
lower back pain clinton,0,39,0%,3.1
sciatica clinton,0,39,0%,4.44
injuries we treat clinton,0,39,0%,7.49
hypermobility and chiropractic care,0,39,0%,7.85
should hypermobile people go to the chiropractor,0,39,0%,8.13
what is it called when one hip is higher than the other,0,39,0%,8.64
why is one side of my hip bigger than the other,0,39,0%,8.87
hip bone sticking out on one side,0,39,0%,9.15
if your hips are out of alignment,0,39,0%,9.31
can a chiropractor help with bloating,0,39,0%,9.62
can seeing a chiropractor help with weight loss,0,39,0%,10
"pemanasan sebelum melakukan aktivitas fisik penting karena... * 2 poin 
mencegah resiko cedera mengulur waktu menurunkan detak jantung membuat lelah",0,39,0%,10.77
how do i become a chiropractor,0,39,0%,14.26
muscle knot release,0,39,0%,21.95
mental health chiropractic,0,39,0%,25.79
chiropractic stretches,0,39,0%,28.77
chiropractor for mental health,0,39,0%,29.87
how to fix shoulder posture,0,38,0%,1.42
chiropractor torticollis,0,38,0%,6.74
my right hip is higher than my left hip,0,38,0%,7.11
one side of my hip is higher than the other,0,38,0%,7.26
hip alignment symptoms,0,38,0%,8.32
"pemanasan sebelum melakukan aktivitas fisik penting karena . . . . . * 
membuang waktu membuat lelah mengurangi resiko cedera menurunkan detak 
jantung membuat otot lebih tegang",0,38,0%,8.76
tujuan utama pemanasan,0,38,0%,9.11
back specialist clinton,0,38,0%,9.37
how to tell if your hips are misaligned,0,38,0%,10.76
"sebelum melakukan aktivitas latihan fisik yang berat, kita wajib melakukan 
pemanasan (warming up). tujuan fisiologis utama dari pemanasan adalah... * 
meningkatkan asam laktat dalam otot menurunkan suhu tubuh secara perlahan 
mempersiapkan otot dan sendi guna mengurangi risiko cedera menguras 
cadangan energi tubuh sebelum bertanding",0,38,0%,11.18
can you go to the chiropractor while pregnant,0,38,0%,14.61
osteotherapy vs chiropractor,0,38,0%,14.68
reasons to become a chiropractor,0,38,0%,15.24
chiropractor to lose weight,0,38,0%,17.74
difference between osteopath chiropractor,0,38,0%,35.37
spinal disc injuries clinton,0,37,0%,2.32
osteopathy,0,37,0%,2.43
how are chiropractors allowed to call themselves doctors,0,37,0%,6.3
hip unaligned,0,37,0%,7.27
can a chiropractor call themselves doctor,0,37,0%,8.59
signs your hip is out of place,0,37,0%,9.19
stress knots on head,0,37,0%,12.76
work injuries bountiful,0,37,0%,13.22
weight loss chiropractic,0,37,0%,16.27
backpack support back,0,37,0%,46.03
basic chiropractic course,0,37,0%,58.05
unaligned hip symptoms,0,36,0%,6.36
chiropractic treatment leg pain,0,36,0%,7.67
neck pain,0,36,0%,10.17
osteopath vs chiro,0,36,0%,11.42
difference between a chiropractor and an osteopath,0,36,0%,14.36
massage therapy bountiful,0,36,0%,16.53
chiropractic and tmj,0,36,0%,23.03
osteopathy vs chiro,0,36,0%,25.11
disc decompression reading,0,36,0%,26.61
adjustment chiropractic near me,0,36,0%,87.53
why does proper posture hurt,0,35,0%,4.63
roy chiropractor,0,35,0%,5.86
can the chiropractor make you taller,0,35,0%,6.77
chiropractor leg pain,0,35,0%,7.71
uneven pelvis symptoms,0,35,0%,9
are chiropractor doctors,0,35,0%,11
is an osteopath a chiropractor,0,35,0%,11.49
vitamins for spine health,0,35,0%,19.8
farmington chiropractic,0,35,0%,21.91
what's the difference between a chiropractor and an osteopath,0,35,0%,31.06
chiropractic therapy history,0,35,0%,32.97
evidence based chiropractic care slc,0,35,0%,38.46
how do you become a chiropractor,0,35,0%,40.37
rehabilitation-focused chiropractic care slc,0,35,0%,55.37
chiropractic weight loss programs,0,35,0%,82.71
neuropathy clinton,0,34,0%,4.29
how to fix shoulder pain from bad posture,0,34,0%,4.56
auto accident injuries bountiful,0,34,0%,7.41
left hip out of alignment,0,34,0%,8.35
un even hips,0,34,0%,9.82
if i go to a chiropractor will i get taller,0,34,0%,9.91
injuries we treat bountiful,0,34,0%,10.35
chiropractors not doctors,0,34,0%,11.29
steps to becoming a chiropractor,0,34,0%,11.76
food for spine health,0,34,0%,15.5
chiropractic treatment for tmj,0,34,0%,22.53
backpack back support,0,34,0%,39.32
pediatric chiropractic care in lexington,0,34,0%,39.97
cervical decompression south jordan,0,34,0%,57.44
wellness chiropractor,0,34,0%,65.21
gentle chiropractor near me,0,34,0%,72.47
pemanasan sebelum melakukan aktivitas fisik penting karena ...,0,33,0%,7
female uneven hips,0,33,0%,8.09
the way to counter the negative impact of repetitive motions,0,33,0%,8.61
la importancia del calentamiento,0,33,0%,10.45
can chiropractic adjustment cause diarrhea,0,33,0%,11.15
difference between an osteopath and a chiropractor,0,33,0%,15.24
chiro near me,0,33,0%,16.73
therapeutic massage chiropractor,0,33,0%,24.55
repetitive movements at work can lead to injuries true false,0,33,0%,43.24
can chiropractic help constipation,0,33,0%,49.76
chiropractic adjustment providence ut,0,33,0%,62.67
sports injury brockton,0,33,0%,83.15
lower back pain,0,32,0%,1.53
how to know which hip is higher,0,32,0%,5.84
left hip higher than right hip,0,32,0%,7.06
imbalanced hips,0,32,0%,7.62
can going to chiropractor make you taller,0,32,0%,7.88
tension headaches utah,0,32,0%,8.66
tension headaches treatment utah,0,32,0%,9.06
what causes your hips to get out of alignment,0,32,0%,9.16
what is an osteopath vs chiropractor,0,32,0%,10.88
pemanasan sebelum olahraga dapat mengurangi risiko cedera ... * benar salah,0,32,0%,11.22
can you go to a chiropractor while pregnant,0,32,0%,11.75
lower back pain from lifting child,0,32,0%,16.56
stomach adjustment chiropractor,0,32,0%,33.75
is a chiropractor a dr,0,32,0%,38.44
spinal decompression chiropractic care,0,32,0%,58.53
workplace ergonomics chiropractor,0,31,0%,6.16
why is good posture so uncomfortable,0,31,0%,6.58
what does it mean when one hip is higher than the other,0,31,0%,7
having good posture hurts,0,31,0%,7.23
hips are not aligned,0,31,0%,7.74
my hips are uneven how to fix,0,31,0%,7.81
can a chiropractic adjustment make you taller,0,31,0%,7.84
does cracking back make you taller,0,31,0%,8
osteopathic manipulation vs chiropractic,0,31,0%,8.23
back pain,0,31,0%,8.26
what to do if your hip is out of alignment,0,31,0%,8.84
what to do when your hips are out of alignment,0,31,0%,8.87
causes of uneven hips,0,31,0%,9.19
best foods for spine health,0,31,0%,9.71
why go to chiropractor,0,31,0%,10.03
how do you address a chiropractor,0,31,0%,10.06
foods for spine health,0,31,0%,11.68
bad posture and shoulder pain,0,31,0%,13.29
back support for long flights,0,31,0%,16.94
sciatica nerve treatment near me,0,31,0%,26.39
is chiropractor a medical doctor,0,31,0%,28.52
chiropractic or osteopathy,0,31,0%,30.45
spinal decompression chiropractor near me,0,31,0%,37.87
backpack back pain,0,31,0%,44.77
wellness chiropractor near me,0,31,0%,72.68
chiropractors calling themselves doctors,0,30,0%,6.93
how to tell if hip is out of alignment,0,30,0%,6.97
one side of hip higher than other,0,30,0%,8.1
what causes your hips to be out of alignment,0,30,0%,10.3
tissue damage symptoms,0,30,0%,10.47
porque es importante el calentamiento,0,30,0%,11.8
chiropractic vs osteopathic,0,30,0%,13.33
how can i be a chiropractor,0,30,0%,15.03
osteopath vs chiropractor canada,0,30,0%,31.27
neck pain treatment near me,0,30,0%,32.2
chiropractor stomach adjustment,0,30,0%,36.87
chiropractic care for athletes slc,0,30,0%,53.43
whiplash,0,29,0%,1.1
types of spinal disc injuries,0,29,0%,1.28
spinal stenosis,0,29,0%,2.38
do doctors refer to chiropractors,0,29,0%,7.28
right hip higher than left hip,0,29,0%,7.9
best food for spine health,0,29,0%,8.24
mengapa pemanasan penting,0,29,0%,8.52
chiropractor are not doctors,0,29,0%,8.66
signs of hip misalignment,0,29,0%,9.28
if my hip is out of alignment,0,29,0%,9.93
hips out of place symptoms,0,29,0%,10.03
neck pain bountiful,0,29,0%,10.93
que se necesita para ser quiropráctico,0,29,0%,10.93
can chiropractic care help with weight loss?,0,29,0%,12.1
uneven waistline,0,29,0%,13.21
are all chiropractors doctors,0,29,0%,14.17
lmt bountiful,0,29,0%,15.03
sciatica treatment utah,0,29,0%,17.62
how does one become a chiropractor,0,29,0%,18.76
how to treat sciatica without surgery in salt lake city,0,29,0%,87.52
chiropractor for headaches,0,29,0%,87.72
spinal discs generally,0,28,0%,1
sports injuries,0,28,0%,4.21
chiropractic near me,0,28,0%,4.79
chiropractor for pain down leg,0,28,0%,7.46
apa pentingnya pemanasan,0,28,0%,8.64
para ser quiropractico hay que ser kinesiologo,0,28,0%,9.46
hip leaning to one side,0,28,0%,9.82
what is the purpose of warming up before physical activity,0,28,0%,9.89
quiropractico son doctores,0,28,0%,10.68
stress management spine care,0,28,0%,22.93
massage bountiful,0,28,0%,23.57
difference between an osteopath and chiropractor,0,28,0%,24.54
chiropractic and depression,0,28,0%,25.5
spinal decompression treatment near me,0,28,0%,29
chiropractic care for better digestion,0,28,0%,34.75
sciatica chiropractor draper,0,28,0%,53.71
chiropractor and deep tissue massage,0,28,0%,53.89
dr. todd strong,0,27,0%,2
osteopath near me,0,27,0%,2.78
what is a functional chiropractor,0,27,0%,4.07
why does one hip feel higher than the other,0,27,0%,6.44
can chiropractors be called doctors,0,27,0%,7.81
"one of the following is not a way to prevent repetitive motion hazards: 
using tools that keep your wrist straight using floor mats, taking breaks, 
and rotating tasks refusing to perform jobs that you think are too tough 
switching arms when using heavy tools or equipment",0,27,0%,8.67
what causes uneven pelvis,0,27,0%,8.78
hip joint out of alignment,0,27,0%,8.93
shoulder pain when standing up straight,0,27,0%,8.93
can uneven hips be fixed,0,27,0%,8.96
do chiropractors have an md,0,27,0%,9.04
can chiropractors help with weight loss,0,27,0%,9.33
unaligned hip,0,27,0%,9.59
apa tujuan dari pemanasan sebelum melakukan aktivitas fisik,0,27,0%,9.63
how to know if my hips are unaligned,0,27,0%,10.07
chiropractor is not a doctor,0,27,0%,10.59
hips feel out of place,0,27,0%,11.67
osteopathic medicine vs chiropractic,0,27,0%,12.15
chiropractor versus osteopath,0,27,0%,20.22
how to be chiropractor,0,27,0%,25
chiropractor and depression,0,27,0%,27.7
chiropractor depression,0,27,0%,31.22
repetitive motion injury prevention,0,27,0%,36.7
car accident chiropractor utah,0,27,0%,36.85
lemont prenatal chiropractic,0,27,0%,38.04
minimally invasive lumbar decompression south jordan,0,27,0%,38.74
posture chiropractor near me,0,27,0%,57.74
licensed chiropractor near me,0,27,0%,59.15
pros and cons of baby chiropractic,0,27,0%,65.37
omt vs chiropractor,0,26,0%,4.85
why is my left hip higher than my right,0,26,0%,5.54
how to tell if hips are out of alignment,0,26,0%,6.85
neuropathy,0,26,0%,7.15
why does it hurt to have good posture,0,26,0%,7.31
back pain hips out of alignment,0,26,0%,8.31
offset hips,0,26,0%,8.5
hip sticks out more on one side,0,26,0%,9.69
one side of my hip is bigger than the other,0,26,0%,9.81
why are my hips out of alignment,0,26,0%,9.92
can i go to the chiropractor pregnant,0,26,0%,10.5
can a chiropractor help you lose weight,0,26,0%,10.73
roy chiropractic,0,26,0%,10.88
omt vs chiropractic,0,26,0%,11.85
motion injuries,0,26,0%,16.81
centerville chiropractor,0,26,0%,17.73
sciatica utah,0,26,0%,18.08
chiropractic services,0,26,0%,24.23
chiropractor for stress,0,26,0%,32.42
what is the difference between osteopath and a chiropractor,0,26,0%,42.81
how long to become a chiropractor,0,26,0%,65.35
low t clinic,0,25,0%,1
headaches,0,25,0%,1.2
walk in chiropractor,0,25,0%,4.2
why does trying to fix my posture hurt,0,25,0%,4.2
when to see doctor for uneven hips,0,25,0%,5.16
chiropractic+ballet,0,25,0%,6.4
why is good posture uncomfortable,0,25,0%,7.08